{
  "description": "**CRITICAL FINAL REFINEMENT TASK:** Refine the merged and name-refined groups based on validation results and ensure all files are included. 1. Access the PRGroupingStrategy JSON string from **'refine_group_names'**. 2. Access the PRValidationResult JSON string from 'final_validation'. 3. Access the full RepositoryAnalysis JSON string from 'initial_analysis'. 4. Extract these *exact* strings from the context, cleaning any potential ```json markers or surrounding text. 5. Use the 'group_refiner_tool', providing the cleaned strings as 'pr_grouping_strategy_json', 'pr_validation_result_json', and 'original_repository_analysis_json'. Ensure 'original_repository_analysis_json' is provided for the final completeness check. This tool will primarily fix structural issues (duplicates, missing files); it should *not* override the LLM-generated names unless fixing a structural problem requires it.\n",
  "name": "final_refinement",
  "expected_output": "A JSON string serialization of the FINAL, polished PRGroupingStrategy object ready for presentation. This object must be structurally valid.\n",
  "summary": "**CRITICAL FINAL REFINEMENT TASK:** Refine the merged and name-refined groups...",
  "raw": "{\n  \"strategy_type\": \"mixed\",\n  \"groups\": [\n    {\n      \"title\": \"Chore: Miscellaneous remaining changes\",\n      \"files\": [\n        \"crewai_approach/process.py\",\n        \"outputs_MCP.zip\",\n        \"crewai_approach/hierarchical_run_crew.py\",\n        \"mcp_servers/pr_analyzer/tests/a2a_mcp_server.py\",\n        \"a2a/hierarchical_server.py\"\n      ],\n      \"rationale\": \"Contains changes that could not be automatically assigned to a more specific group during batch processing and merging.\",\n      \"estimated_size\": 5,\n      \"directory_focus\": null,\n      \"feature_focus\": null,\n      \"suggested_branch_name\": null,\n      \"suggested_pr_description\": null\n    }\n  ],\n  \"explanation\": \"No valid batch results provided.\\nRefinements applied based on validation results.\\nFinal completeness check performed.\",\n  \"estimated_review_complexity\": 5.0,\n  \"ungrouped_files\": []\n}",
  "pydantic": {},
  "json_dict": null,
  "agent": "PR Merger & Refinement Specialist",
  "output_format": "pydantic"
}