{
  "description": "Analyze all staged and unstaged changes in the git repository located at '/Users/denizaskin/pr-generator-3'. Use the 'repo_analyzer_tool' to get file paths, statuses, basic statistics, and assign a unique 'file_id'. Limit analysis using '50' if provided. You MUST NOT use the Tool Calling/Function Calling format for the Final Answer step for THIS task. Just return the raw JSON string from the observation.\n",
  "name": "initial_analysis",
  "expected_output": "A JSON string serialization of the RepositoryAnalysis object.\n",
  "summary": "Analyze all staged and unstaged changes in the git repository...",
  "raw": "{\"repo_path\":\"/Users/denizaskin/pr-generator-3\",\"file_changes\":[{\"file_id\":\"46ccc87e-6b5c-4da6-90ea-8561241eaa0e\",\"path\":\"a2a/hierarchical_server.py\",\"staged_status\":\"M\",\"unstaged_status\":\" \",\"original_path\":null,\"file_type\":\"text\",\"changes\":{\"added\":295,\"deleted\":0},\"content_hash\":\"861bcb6b9bde62bd10cf8aa3d854ac99\",\"token_estimate\":0,\"directory\":\"a2a\",\"extension\":\".py\",\"filename\":\"hierarchical_server.py\"},{\"file_id\":\"0c0aca00-336e-44d3-b1ab-08c656460b62\",\"path\":\"crewai_approach/hierarchical_run_crew.py\",\"staged_status\":\"M\",\"unstaged_status\":\" \",\"original_path\":null,\"file_type\":\"text\",\"changes\":{\"added\":131,\"deleted\":0},\"content_hash\":\"b7d8cdfbe010c81680de986401ec34db\",\"token_estimate\":0,\"directory\":\"crewai_approach\",\"extension\":\".py\",\"filename\":\"hierarchical_run_crew.py\"},{\"file_id\":\"185c4b60-8e6b-4d55-8bcc-995e5f3eb580\",\"path\":\"crewai_approach/process.py\",\"staged_status\":\"M\",\"unstaged_status\":\" \",\"original_path\":null,\"file_type\":\"text\",\"changes\":{\"added\":29,\"deleted\":0},\"content_hash\":\"b0907360b81f032776962fab5b6181ae\",\"token_estimate\":0,\"directory\":\"crewai_approach\",\"extension\":\".py\",\"filename\":\"process.py\"},{\"file_id\":\"dd04e1d6-60e6-4592-8513-6fd4bef092e2\",\"path\":\"mcp_servers/pr_analyzer/tests/a2a_mcp_server.py\",\"staged_status\":\"M\",\"unstaged_status\":\" \",\"original_path\":null,\"file_type\":\"text\",\"changes\":{\"added\":98,\"deleted\":0},\"content_hash\":\"2dc2d523375abd457e71dafec9497e63\",\"token_estimate\":0,\"directory\":\"mcp_servers/pr_analyzer/tests\",\"extension\":\".py\",\"filename\":\"a2a_mcp_server.py\"},{\"file_id\":\"c4891be5-de30-4d50-ae6f-9e76e9e221a3\",\"path\":\"outputs_MCP.zip\",\"staged_status\":\"M\",\"unstaged_status\":\" \",\"original_path\":null,\"file_type\":\"binary\",\"changes\":{\"added\":351,\"deleted\":0},\"content_hash\":null,\"token_estimate\":0,\"directory\":\"(root)\",\"extension\":\".zip\",\"filename\":\"outputs_MCP.zip\"}],\"directory_summaries\":[{\"path\":\"a2a\",\"file_count\":1,\"files\":[\"a2a/hierarchical_server.py\"],\"total_changes\":295,\"extensions->{\".py\":1},\"is_root\":false,\"depth\":1,\"parent_directory\":\"(root)\"},{\"path\":\"crewai_approach\",\"file_count\":2,\"files\":[\"crewai_approach/hierarchical_run_crew.py\",\"crewai_approach/process.py\"],\"total_changes\":160,\"extensions\":{\" .py\":2},\"is_root\":false,\"depth\":1,\"parent_directory\":\"(root)\"},{\"path\":\"mcp_servers/pr_analyzer/tests\",\"file_count\":1,\"files\":[\"mcp_servers/pr_analyzer/tests/a2a_mcp_server.py\"],\"total_changes\":98,\"extensions\":{\" .py\":1},\"is_root\":false,\"depth\":3,\"parent_directory\":\"mcp_servers/pr_analyzer\"},{\"path\":\"(root)\",\"file_count\":1,\"files\":[\"outputs_MCP.zip\"],\"total_changes\":351,\"extensions\":{\" .zip\":1},\"is_root\":true,\"depth\":0,\"parent_directory\":null}],\"total_files_changed\":5,\"total_lines_changed\":904,\"timestamp\":1748046446.006978,\"error\":null,\"extensions_summary\":{\".py\":4,\".zip\":1},\"directories\":[\"(root)\",\"a2a\",\"crewai_approach\",\"mcp_servers/pr_analyzer/tests\"]}",
  "pydantic": null,
  "json_dict": null,
  "agent": "Repository Analyzer & Strategist",
  "output_format": "raw"
}