{
  "description": "Calculate objective repository metrics based on the RepositoryAnalysis JSON from 'initial_analysis'. Use the 'repo_metrics_tool'.\n",
  "name": "calculate_global_metrics",
  "expected_output": "A JSON string serialization of the RepositoryMetrics object.\n",
  "summary": "Calculate objective repository metrics based on the RepositoryAnalysis JSON from...",
  "raw": "{\"repo_path\":\"/Users/denizaskin/pr-generator-3\",\"total_files_changed\":5,\"total_lines_changed\":904,\"directory_metrics\":{\"directory_count\":4,\"max_files_per_directory\":2,\"avg_files_per_directory\":1.25,\"directory_concentration\":0.4,\"directory_depth\":{\"max\":3,\"avg\":1.25},\"directories_with_multiple_file_types\":0},\"file_type_metrics\":{\"file_type_count\":2,\"primary_file_type\":\".py\",\"primary_file_type_percentage\":80.0,\"file_type_distribution\":{\".py\":80.0,\".zip\":20.0}},\"change_metrics\":{\"avg_lines_per_file\":180.8,\"max_lines_changed\":351,\"files_with_large_changes\":3,\"files_with_small_changes\":0,\"change_size_distribution\":{\"large\":3,\"medium\":2,\"small\":0}},\"complexity_indicators\":[]}",
  "pydantic": {},
  "json_dict": null,
  "agent": "Repository Analyzer & Strategist",
  "output_format": "pydantic"
}