{
  "description": "**CRITICAL BATCH PROCESSING:** Process all file batches generated previously using the dedicated 'Batch Processor Tool'. **STEPS:** 1. **Gather Context JSONs:**\n   a. Access the raw output JSON string from the 'split_into_batches' task context. Clean it (remove ```json markers, surrounding text). This is the input for 'batch_splitter_output_json'.\n   b. Access the raw output JSON string from the 'select_grouping_strategy' task context. Clean it. This is the input for 'grouping_strategy_decision_json'.\n   c. Access the raw output JSON string from the 'initial_analysis' task context. Clean it. This is the input for 'repository_analysis_json'.\n   d. Access the raw output JSON string from the 'analyze_global_patterns' task context. Clean it. This is the input for 'pattern_analysis_json' (pass null if not available or irrelevant).\n2. **Verify Inputs:** Ensure all required JSON strings (a, b, c) look like valid JSON objects. 3. **Call Tool:** Use the 'Batch Processor Tool' exactly once. Provide the cleaned JSON strings from Step 1 as the values for the corresponding arguments ('batch_splitter_output_json', 'grouping_strategy_decision_json', 'repository_analysis_json', 'pattern_analysis_json'). 4. **Final Answer:** Your final answer MUST be the raw JSON array string returned directly by the 'Batch Processor Tool' in the Observation step. Do not add explanations or summaries.\n",
  "name": "process_batches_and_generate_results",
  "expected_output": "A single, clean JSON array string, where each element is a JSON object representing the PRGroupingStrategy produced by the tool for one batch. Example: '[{\"strategy_type\": \"mixed\", \"groups\": [...], \"explanation\": \"Batch 0 result\", ...}, {\"strategy_type\": \"mixed\", \"groups\": [...], \"explanation\": \"Batch 1 result\", ...}]'\n",
  "summary": "**CRITICAL BATCH PROCESSING:** Process all file batches generated previously using...",
  "raw": "[]",
  "pydantic": null,
  "json_dict": null,
  "agent": "PR Batch Grouping Specialist",
  "output_format": "raw"
}