{
  "description": "Analyze file changes from 'initial_analysis' to identify naming patterns and similarities globally. Use the 'pattern_analyzer_tool'.\n",
  "name": "analyze_global_patterns",
  "expected_output": "A JSON string serialization of the PatternAnalysisResult object.\n",
  "summary": "Analyze file changes from 'initial_analysis' to identify naming patterns and...",
  "raw": "{\"naming_patterns\":[],\"similar_names\":[],\"common_patterns\":{\"common_prefixes\":[{\"pattern_type\":\"prefix\",\"pattern_value\":\"hierarchical\",\"files\":[\"a2a/hierarchical_server.py\",\"crewai_approach/hierarchical_run_crew.py\"]}],\"common_suffixes\":[{\"pattern_type\":\"suffix\",\"pattern_value\":\"server\",\"files\":[\"a2a/hierarchical_server.py\",\"mcp_servers/pr_analyzer/tests/a2a_mcp_server.py\"]}]},\"related_files\":[],\"analysis_summary\":\"Pattern analysis completed successfully.\",\"confidence\":0.8}",
  "pydantic": {},
  "json_dict": null,
  "agent": "Repository Analyzer & Strategist",
  "output_format": "pydantic"
}