{
  "description": "**CRITICAL MERGING TASK:** Merge the list of batch results into a single PRGroupingStrategy. 1. Access the raw output string from the 'process_batches_and_generate_results' task. This is the **JSON array string** containing PRGroupingStrategy results for each batch. **DO NOT PARSE THIS STRING YOURSELF.** 2. Access the raw output string from the 'initial_analysis' task (the full RepositoryAnalysis JSON string). 3. Clean both strings if necessary (remove ```json markers, surrounding text). Validate they look like JSON. 4. Use the 'Group Merging Tool'. Provide the cleaned **JSON array string** from Step 1 as 'batch_grouping_results_json' and the cleaned RepositoryAnalysis string from Step 2 as 'original_repository_analysis_json'.\n",
  "name": "merge_batch_results",
  "expected_output": "A JSON string serialization of the single, merged PRGroupingStrategy object. This object must be structurally valid.\n",
  "summary": "**CRITICAL MERGING TASK:** Merge the list of batch results into...",
  "raw": "{\n  \"strategy_type\": \"mixed\",\n  \"groups\": [],\n  \"explanation\": \"No valid batch results provided.\",\n  \"estimated_review_complexity\": 5.0,\n  \"ungrouped_files\": []\n}",
  "pydantic": {},
  "json_dict": null,
  "agent": "PR Merger & Refinement Specialist",
  "output_format": "pydantic"
}