{
  "description": "Based on global analysis results (RepositoryAnalysis, RepositoryMetrics, PatternAnalysisResult JSONs), select the most appropriate high-level grouping strategy. Use the 'grouping_strategy_selector_tool'.\n",
  "name": "select_grouping_strategy",
  "expected_output": "A JSON string serialization of the GroupingStrategyDecision object.\n",
  "summary": "Based on global analysis results (RepositoryAnalysis, RepositoryMetrics, PatternAnalysisResult JSONs), select...",
  "raw": "{\n  \"strategy_type\": \"mixed\",\n  \"recommendations\": [\n    {\n      \"strategy_type\": \"module_based\",\n      \"confidence\": 0.64,\n      \"rationale\": \"2 file types (.py, .zip) with low concentration (0.40). Grouping by type/module might work.\",\n      \"estimated_pr_count\": 2\n    },\n    {\n      \"strategy_type\": \"mixed\",\n      \"confidence\": 0.7,\n      \"rationale\": \"No single strategy strongly indicated by metrics. A mixed approach is suggested.\",\n      \"estimated_pr_count\": 2\n    }\n  ],\n  \"repository_metrics\": {\n    \"total_files_changed\": 5,\n    \"total_lines_changed\": 904,\n    \"directory_count\": 4,\n    \"max_files_in_directory\": 2,\n    \"directory_concentration\": 0.4,\n    \"file_type_count\": 2,\n    \"is_distributed\": false\n  },\n  \"explanation\": \"Selected 'mixed' as the primary strategy with 0.70 confidence. Rationale: No single strategy strongly indicated by metrics. A mixed approach is suggested.\"\n}",
  "pydantic": {},
  "json_dict": null,
  "agent": "Repository Analyzer & Strategist",
  "output_format": "pydantic"
}