{
  "description": "**CRITICAL FINAL REFINEMENT TASK:** Refine the merged and name-refined groups based on validation results and ensure all files are included. 1. Access the PRGroupingStrategy JSON string from **'refine_group_names'**. 2. Access the PRValidationResult JSON string from 'final_validation'. 3. Access the full RepositoryAnalysis JSON string from 'initial_analysis'. 4. Extract these *exact* strings from the context, cleaning any potential ```json markers or surrounding text. 5. Use the 'group_refiner_tool', providing the cleaned strings as 'pr_grouping_strategy_json', 'pr_validation_result_json', and 'original_repository_analysis_json'. Ensure 'original_repository_analysis_json' is provided for the final completeness check. This tool will primarily fix structural issues (duplicates, missing files); it should *not* override the LLM-generated names unless fixing a structural problem requires it.\n",
  "name": "final_refinement",
  "expected_output": "A JSON string serialization of the FINAL, polished PRGroupingStrategy object ready for presentation. This object must be structurally valid.\n",
  "summary": "**CRITICAL FINAL REFINEMENT TASK:** Refine the merged and name-refined groups...",
  "raw": "{\n  \"strategy_type\": \"mixed\",\n  \"groups\": [\n    {\n      \"title\": \"feat: Update pyproject configuration\",\n      \"files\": [\n        \"pyproject.toml\"\n      ],\n      \"rationale\": \"This group updates the project configuration specified in pyproject.toml.\",\n      \"estimated_size\": 1,\n      \"directory_focus\": null,\n      \"feature_focus\": \"configuration-update\",\n      \"suggested_branch_name\": \"feature/update-pyproject-config\",\n      \"suggested_pr_description\": \"## PR Suggestion: feat: Update pyproject configuration\\n\\n**Rationale:** This group updates the project configuration specified in pyproject.toml.\\n\\n**Files Changed in this Group:**\\n- `pyproject.toml` (FileStatusType.MODIFIED)\\n\\n**Approximate Changes:** +1 lines, -1 lines\\n\"\n    }\n  ],\n  \"explanation\": \"Merged groups from batches.\\n\\nBatch (mixed): Batch 0: Applied **Mixed** grouping to 1 files. Resulted in 1 group(s) covering 1 files. Merged 1 batches. Found 0 unmerged files.\\nRefinements applied based on validation results.\\nFinal completeness check performed.\",\n  \"estimated_review_complexity\": 1.7,\n  \"ungrouped_files\": []\n}",
  "pydantic": {},
  "json_dict": null,
  "agent": "PR Merger & Refinement Specialist",
  "output_format": "pydantic"
}