{
  "description": "Analyze all staged and unstaged changes in the git repository located at '/Users/denizaskin/pr-generator-3'. Use the 'repo_analyzer_tool' to get file paths, statuses, basic statistics, and assign a unique 'file_id'. Limit analysis using '50' if provided. You MUST NOT use the Tool Calling/Function Calling format for the Final Answer step for THIS task. Just return the raw JSON string from the observation.\n",
  "name": "initial_analysis",
  "expected_output": "A JSON string serialization of the RepositoryAnalysis object.\n",
  "summary": "Analyze all staged and unstaged changes in the git repository...",
  "raw": "{\"repo_path\":\"/Users/denizaskin/pr-generator-3\",\"file_changes\":[{\"file_id\":\"91c2b2a3-59e0-4e28-919c-3e863486d153\",\"path\":\"pyproject.toml\",\"staged_status\":\"M\",\"unstaged_status\":\" \",\"original_path\":null,\"file_type\":\"text\",\"changes\":{\"added\":1,\"deleted\":1},\"content_hash\":\"327710ae79bd533c03f9b55c9e91440b\",\"token_estimate\":78,\"directory\":\"(root)\",\"extension\":\".toml\",\"filename\":\"pyproject.toml\"}],\"directory_summaries\":[{\"path\":\"(root)\",\"file_count\":1,\"files\":[\"pyproject.toml\"],\"total_changes\":2,\"extensions\":{\".toml\":1},\"is_root\":true,\"depth\":0,\"parent_directory\":null}],\"total_files_changed\":1,\"total_lines_changed\":2,\"timestamp\":1748040432.825475,\"error\":null,\"extensions_summary\":{\".toml\":1},\"directories\":[\"(root)\"]}",
  "pydantic": null,
  "json_dict": null,
  "agent": "Repository Analyzer & Strategist",
  "output_format": "raw"
}