{
  "description": "Calculate objective repository metrics based on the RepositoryAnalysis JSON from 'initial_analysis'. Use the 'repo_metrics_tool'.\n",
  "name": "calculate_global_metrics",
  "expected_output": "A JSON string serialization of the RepositoryMetrics object.\n",
  "summary": "Calculate objective repository metrics based on the RepositoryAnalysis JSON from...",
  "raw": "{\"repo_path\":\"/Users/denizaskin/pr-generator-3\",\"total_files_changed\":1,\"total_lines_changed\":2,\"directory_metrics\":{\"directory_count\":1,\"max_files_per_directory\":1,\"avg_files_per_directory\":1.0,\"directory_concentration\":1.0,\"directory_depth\":{\"max\":0,\"avg\":0.0},\"directories_with_multiple_file_types\":0},\"file_type_metrics\":{\"file_type_count\":1,\"primary_file_type\":\".toml\",\"primary_file_type_percentage\":100.0,\"file_type_distribution\":{\".toml\":100.0}},\"change_metrics\":{\"avg_lines_per_file\":2.0,\"max_lines_changed\":2,\"files_with_large_changes\":0,\"files_with_small_changes\":1,\"change_size_distribution\":{\"large\":0,\"medium\":0,\"small\":1}},\"complexity_indicators\":[\"high_directory_concentration\"]}",
  "pydantic": {},
  "json_dict": null,
  "agent": "Repository Analyzer & Strategist",
  "output_format": "pydantic"
}