{
  "description": "Split the changed files identified in the 'initial_analysis' context into manageable batches. 1. Extract the RepositoryAnalysis JSON string from the 'initial_analysis' context. 2. Use the 'batch_splitter_tool'. Pass the extracted string as the 'repository_analysis_json' argument.\n   Use '10' as the 'target_batch_size' argument.\n3. Your final answer MUST be the raw JSON string returned directly by the 'batch_splitter_tool' in the Observation step.\n   Do not return the input you used for the tool. Do not add extra formatting or explanations.\n",
  "name": "split_into_batches",
  "expected_output": "A JSON string serialization of the BatchSplitterOutput object, containing 'batches' (a list of lists of file paths), 'strategy_used', and 'notes'. Example format: {\"batches\": [[\"path/to/file1.py\", \"path/to/file2.py\"], [\"path/to/file3.js\"]], \"strategy_used\": \"Adaptive complexity...\", \"notes\": \"...\"}\n",
  "summary": "Split the changed files identified in the 'initial_analysis' context into...",
  "raw": "```\n{\"batches\":[[\"pyproject.toml\"]],\"strategy_used\":\"Adaptive complexity-based splitting into 1 batches\",\"notes\":\"Target batch size was 10, target complexity was 15.0\"}\n```",
  "pydantic": null,
  "json_dict": null,
  "agent": "Repository Analyzer & Strategist",
  "output_format": "raw"
}