{
  "description": "**CRITICAL NAMING TASK:** Refine the titles of the merged PR groups using LLM reasoning. 1. Access the merged PRGroupingStrategy JSON string from the 'merge_batch_results' context. Clean it if necessary. 2. Parse this JSON string into its object structure. 3. For **each group** within the 'groups' list:\n   a. Examine the list of file paths in the group's 'files' field.\n   b. Consider the existing 'title' and 'rationale' for context.\n   c. Generate a **concise, descriptive, and unique** title that accurately reflects the primary purpose or theme of the changes in the file list. Use conventional commit message prefixes like 'feat:', 'fix:', 'refactor:', 'chore:', 'docs:', 'style:', 'test:'. Avoid generic titles like 'Update files' or reusing the exact same title for multiple groups if the changes differ.\n   d. **Replace** the existing 'title' field of the group with the newly generated title.\n   e. (Optional but Recommended) Update the 'rationale' field to briefly explain the *new* title, and regenerate the 'suggested_branch_name' and 'suggested_pr_description' based on the new title using similar logic as the grouping tools. If you update these, ensure the structure remains valid.\n4. After iterating through and updating *all* groups, re-serialize the *entire modified* PRGroupingStrategy object back into a single, clean JSON string. 5. Your final answer **MUST** be only this resulting JSON string.\n",
  "name": "refine_group_names",
  "expected_output": "A JSON string serialization of the PRGroupingStrategy object, identical in structure to the input from 'merge_batch_results', but with the 'title' (and potentially rationale/branch/description) fields updated for each group based on LLM analysis of the file list.\n",
  "summary": "**CRITICAL NAMING TASK:** Refine the titles of the merged PR...",
  "raw": "{\n  \"strategy_type\": \"mixed\",\n  \"groups\": [\n    {\n      \"title\": \"feat: Update pyproject configuration\",\n      \"files\": [\n        \"pyproject.toml\"\n      ],\n      \"rationale\": \"This group updates the project configuration specified in pyproject.toml.\",\n      \"estimated_size\": 1,\n      \"directory_focus\": null,\n      \"feature_focus\": \"configuration-update\",\n      \"suggested_branch_name\": \"feature/update-pyproject-config\",\n      \"suggested_pr_description\": \"## PR Suggestion: feat: Update pyproject configuration\\n\\n**Rationale:** This group updates the project configuration specified in pyproject.toml.\\n\\n**Files Changed in this Group:**\\n- `pyproject.toml` (FileStatusType.MODIFIED)\\n\\n**Approximate Changes:** +1 lines, -1 lines\\n\"\n    }\n  ],\n  \"explanation\": \"Merged groups from batches.\\n\\nBatch (mixed): Batch 0: Applied **Mixed** grouping to 1 files. Resulted in 1 group(s) covering 1 files. Merged 1 batches. Found 0 unmerged files.\",\n  \"estimated_review_complexity\": 1.7,\n  \"ungrouped_files\": []\n}",
  "pydantic": {},
  "json_dict": null,
  "agent": "PR Merger & Refinement Specialist",
  "output_format": "pydantic"
}