{
  "description": "Analyze file changes from 'initial_analysis' to identify naming patterns and similarities globally. Use the 'pattern_analyzer_tool'.\n",
  "name": "analyze_global_patterns",
  "expected_output": "A JSON string serialization of the PatternAnalysisResult object.\n",
  "summary": "Analyze file changes from 'initial_analysis' to identify naming patterns and...",
  "raw": "{\"naming_patterns\":[],\"similar_names\":[],\"common_patterns\":{\"common_prefixes\":[],\"common_suffixes\":[]},\"related_files\":[],\"analysis_summary\":\"Pattern analysis completed successfully.\",\"confidence\":0.8}",
  "pydantic": {},
  "json_dict": null,
  "agent": "Repository Analyzer & Strategist",
  "output_format": "pydantic"
}