{
  "description": "Based on global analysis results (RepositoryAnalysis, RepositoryMetrics, PatternAnalysisResult JSONs), select the most appropriate high-level grouping strategy. Use the 'grouping_strategy_selector_tool'.\n",
  "name": "select_grouping_strategy",
  "expected_output": "A JSON string serialization of the GroupingStrategyDecision object.\n",
  "summary": "Based on global analysis results (RepositoryAnalysis, RepositoryMetrics, PatternAnalysisResult JSONs), select...",
  "raw": "{\"strategy_type\":\"mixed\",\"recommendations\":[{\"strategy_type\":\"mixed\",\"confidence\":0.7,\"rationale\":\"No single strategy strongly indicated by metrics. A mixed approach is suggested.\",\"estimated_pr_count\":2}],\"repository_metrics\":{\"total_files_changed\":1,\"total_lines_changed\":98,\"directory_count\":0,\"max_files_in_directory\":0,\"directory_concentration\":1.0,\"file_type_count\":1,\"is_distributed\":false},\"explanation\":\"Selected 'mixed' as the primary strategy with 0.70 confidence. Rationale: No single strategy strongly indicated by metrics. A mixed approach is suggested.\"}",
  "pydantic": {},
  "json_dict": null,
  "agent": "Repository Analyzer & Strategist",
  "output_format": "pydantic"
}