{
  "description": "Analyze all staged and unstaged changes in the git repository located at '/Users/denizaskin/pr-generator-3'. Use the 'repo_analyzer_tool' to get file paths, statuses, basic statistics, and assign a unique 'file_id'. Limit analysis using '50' if provided. You MUST NOT use the Tool Calling/Function Calling format for the Final Answer step for THIS task. Just return the raw JSON string from the observation.\n",
  "name": "initial_analysis",
  "expected_output": "A JSON string serialization of the RepositoryAnalysis object.\n",
  "summary": "Analyze all staged and unstaged changes in the git repository...",
  "raw": "{\"repo_path\":\"/Users/denizaskin/pr-generator-3\",\"file_changes\":[{\"file_id\":\"3536531c-792e-46f2-be97-0e10b830e118\",\"path\":\"mcp_servers/pr_analyzer/tests/a2a_mcp_server.py\",\"staged_status\":\"M\",\"unstaged_status\":\" \",\"original_path\":null,\"file_type\":\"text\",\"changes\":{\"added\":98,\"deleted\":0},\"content_hash\":\"2dc2d523375abd457e71dafec9497e63\",\"token_estimate\":0,\"directory\":\"mcp_servers/pr_analyzer/tests\",\"extension\":\".py\",\"filename\":\"a2a_mcp_server.py\"}],\"directory_summaries\":[{\"path\":\"mcp_servers/pr_analyzer/tests\",\"file_count\":1,\"files\":[\"mcp_servers/pr_analyzer/tests/a2a_mcp_server.py\"],\"total_changes\":98,\"extensions\":{\".py\":1},\"is_root\":false,\"depth\":3,\"parent_directory\":\"mcp_servers/pr_analyzer\"}],\"total_files_changed\":1,\"total_lines_changed\":98,\"timestamp\":1748043093.7862809,\"error\":null,\"extensions_summary\":{\".py\":1},\"directories\":[\"mcp_servers/pr_analyzer/tests\"]}",
  "pydantic": null,
  "json_dict": null,
  "agent": "Repository Analyzer & Strategist",
  "output_format": "raw"
}