{
  "description": "Analyze file changes from 'initial_analysis' to identify naming patterns and similarities globally. Use the 'pattern_analyzer_tool'.\n",
  "name": "analyze_global_patterns",
  "expected_output": "A JSON string serialization of the PatternAnalysisResult object.\n",
  "summary": "Analyze file changes from 'initial_analysis' to identify naming patterns and...",
  "raw": "{\n  \"naming_patterns\": [],\n  \"similar_names\": [],\n  \"common_patterns\": {\n    \"common_prefixes\": [],\n    \"common_suffixes\": []\n  },\n  \"related_files\": [],\n  \"analysis_summary\": \"Pattern analysis completed successfully.\",\n  \"confidence\": 0.8\n}",
  "pydantic": {},
  "json_dict": null,
  "agent": "Repository Analyzer & Strategist",
  "output_format": "pydantic"
}